name,birthdate,twitter,yearOfBirth,generation,twitterUser
Donald Trump,"Born: June 14, 1946 (age 74 years), Jamaica Hospital Medical Center, New York, NY",https://twitter.com/realDonaldTrump,1946,40s,realDonaldTrump
Kim Kardashian,"Born: October 21, 1980 (age 39 years), Los Angeles, CA",https://twitter.com/KimKardashian,1980,80s,KimKardashian
Rihanna,"Born: February 20, 1988 (age 32 years), Saint Michael, Barbados",https://twitter.com/rihanna,1988,80s,rihanna
Jennifer Lopez,"Born: July 24, 1969 (age 51Â years), Castle Hill, New York, NY",https://twitter.com/JLo,1969,60s,JLo
Oprah Winfrey,"Born: January 29, 1954 (age 66 years), Kosciusko, MS",https://twitter.com/Oprah,1954,50s,Oprah
Nicole Richie,"Born: September 21, 1981 (age 39Â years), Berkeley, CA",https://twitter.com/nicolerichie,1981,80s,nicolerichie
Elton John,"Born: March 25, 1947 (age 73Â years), Pinner, United Kingdom",https://twitter.com/eltonofficial,1947,40s,eltonofficial
Anderson Cooper,"Born: June 3, 1967 (age 53 years), New York, NY",https://twitter.com/andersoncooper,1967,60s,andersoncooper
Sylvester Stallone,"Born: July 6, 1946 (age 74 years), Hell's Kitchen, New York, NY",https://twitter.com/TheSlyStallone,1946,40s,TheSlyStallone
Justin Bieber,"Born: March 1, 1994 (age 26 years), St. Joseph's Hospital, London, Canada",https://twitter.com/justinbieber,1994,90s,justinbieber
Matthew McConaughey,"Born: November 4, 1969 (age 50 years), Uvalde, TX",https://twitter.com/McConaughey,1969,60s,McConaughey
Joe Biden,"Born: November 20, 1942 (age 77 years), Scranton, PA",https://twitter.com/JoeBiden,1942,40s,JoeBiden
Eminem,"Born: October 17, 1972 (age 47 years), Saint Joseph, MO",https://twitter.com/Eminem,1972,70s,Eminem
Steve-O,"Born: June 13, 1974 (age 46 years), Wimbledon, London, United Kingdom",https://twitter.com/steveo,1974,70s,steveo
Anna Kendrick,"Born: August 9, 1985 (age 35 years), Portland, ME",https://twitter.com/AnnaKendrick47,1985,80s,AnnaKendrick47
50 Cent,"Born: July 6, 1975 (age 45 years), South Jamaica, New York, NY",https://twitter.com/50cent,1975,70s,50cent
Russell Brand,"Born: June 4, 1975 (age 45 years), Grays, United Kingdom",https://twitter.com/rustyrockets,1975,70s,rustyrockets
Lamar Odom,"Born: November 6, 1979 (age 40 years), South Jamaica, New York, NY",https://twitter.com/reallamarodom,1979,70s,reallamarodom
Lil Wayne,"Born: September 27, 1982 (age 38 years), New Orleans, LA",https://twitter.com/LilTunechi,1982,80s,LilTunechi
Reese Witherspoon,"Born: March 22, 1976 (age 44 years), New Orleans, LA",https://twitter.com/ReeseW,1976,70s,ReeseW
Demi Moore,"Born: November 11, 1962 (age 57 years), Roswell, NM",https://twitter.com/justdemi,1962,60s,justdemi
Drew Barrymore,"Born: February 22, 1975 (age 45 years), Culver City, CA",https://twitter.com/DrewBarrymore,1975,70s,DrewBarrymore
Jessica Simpson,"Born: July 10, 1980 (age 40Â years), Abilene, TX",https://twitter.com/JessicaSimpson,1980,80s,JessicaSimpson
Alicia Keys,"Born: January 25, 1981 (age 39 years), Hell's Kitchen, New York, NY",https://twitter.com/aliciakeys,1981,80s,aliciakeys
Beyoncé,"Born: September 4, 1981 (age 39 years), Houston, TX",https://twitter.com/Beyonce,1981,80s,Beyonce
Barack Obama,"Born: August 4, 1961 (age 59 years), Kapiʻolani Medical Center for Women & Children, Honolulu, HI",https://twitter.com/BarackObama,1961,60s,BarackObama
Ryan O'Neal,"Born: April 20, 1941 (age 79 years), Los Angeles, CA",https://twitter.com/ryan_o_neal,1941,40s,ryan_o_neal
Ivanka Trump,"Born: October 30, 1981 (age 38 years), Manhattan, New York, NY",https://twitter.com/IvankaTrump,1981,80s,IvankaTrump
Valerie Bertinelli,"Born: April 23, 1960 (age 60 years), Wilmington, DE",https://twitter.com/wolfiesmom,1960,60s,wolfiesmom
Paris Hilton,"Born: February 17, 1981 (age 39 years), New York, NY",https://twitter.com/ParisHilton,1981,80s,ParisHilton
Keith Richards,"Born: December 18, 1943 (age 76 years), Dartford, United Kingdom",https://twitter.com/officialKeef,1943,40s,officialKeef
Amy Poehler,"Born: September 16, 1971 (age 49 years), Newton, MA",https://twitter.com/amypoehlerorg,1971,70s,amypoehlerorg
Anna Faris,"Born: November 29, 1976 (age 43 years), Baltimore, MD",https://twitter.com/AnnaKFaris,1976,70s,AnnaKFaris
Hillary Clinton,"Born: October 26, 1947 (age 72 years), Edgewater Hospital, Chicago",https://www.twitter.com/HillaryClinton,1947,40s,HillaryClinton
Arnold Schwarzenegger,"Born: July 30, 1947 (age 73 years), Thal, Austria",https://twitter.com/Schwarzenegger,1947,40s,Schwarzenegger
Andre Agassi,"Born: April 29, 1970 (age 50 years), Las Vegas, NV",https://twitter.com/andreagassi,1970,70s,andreagassi
Chelsea Handler,"Born: February 25, 1975 (age 45 years), Livingston, NJ",https://twitter.com/chelseahandler,1975,70s,chelseahandler
Tom Hanks,"Born: July 9, 1956 (age 64 years), Concord, CA",https://twitter.com/tomhanks,1956,50s,tomhanks
Jamie Foxx,"Born: December 13, 1967 (age 52 years), Terrell, TX",https://twitter.com/iamjamiefoxx,1967,60s,iamjamiefoxx
Shia LaBeouf,"Born: June 11, 1986 (age 34 years), Los Angeles, CA",https://twitter.com/thecampaignbook,1986,80s,thecampaignbook
Hugh Jackman,"Born: October 12, 1968 (age 52 years), Sydney, Australia",https://twitter.com/RealHughJackman,1968,60s,RealHughJackman
Chris Evans,"Born: June 13, 1981 (age 39 years), Boston, MA",https://twitter.com/ChrisEvans,1981,80s,ChrisEvans
Jennifer Aniston,"Born: February 11, 1969 (age 51 years), Sherman Oaks, Los Angeles, CA",https://twitter.com/JenniferAnnistn,1969,60s,JenniferAnnistn
Leonardo DiCaprio,"Born: November 11, 1974 (age 45Â years), Los Angeles, CA",https://twitter.com/LeoDiCaprio,1974,70s,LeoDiCaprio
Don Cheadle,"Born: November 29, 1964 (age 55Â years), Kansas City, MO",https://twitter.com/doncheadle,1964,60s,doncheadle
Timothée Chalamet,"Born: December 27, 1995 (age 24 years), Manhattan, New York, NY",https://twitter.com/RealChalamet,1995,90s,RealChalamet
Margot Robbie,"Born: July 2, 1990 (age 30 years), Dalby, Australia",https://twitter.com/MargotRobbie,1990,90s,MargotRobbie
Jim Carrey,"Born: January 17, 1962 (age 58 years), Newmarket, Canada",https://twitter.com/JimCarrey,1962,60s,JimCarrey
Regina King,"Born: January 15, 1971 (age 49 years), Los Angeles, CA",https://twitter.com/ReginaKing,1971,70s,ReginaKing
Adam Sandler,"Born: September 9, 1966 (age 54 years), Brooklyn, New York, NY",https://twitter.com/AdamSandler,1966,60s,AdamSandler
Bryan Cranston,"Born: March 7, 1956 (age 64 years), Hollywood, Los Angeles, CA",https://twitter.com/BryanCranston,1956,50s,BryanCranston
Robert Downey Jr.,"Born: April 4, 1965 (age 55 years), Manhattan, New York, NY",https://twitter.com/RobertDowneyJr,1965,60s,RobertDowneyJr
Jason Bateman,"Born: January 14, 1969 (age 51 years), Rye, NY",https://twitter.com/batemanjason,1969,60s,batemanjason
Patricia Arquette,"Born: April 8, 1968 (age 52 years), Chicago, IL",https://twitter.com/pattyarquette,1968,60s,pattyarquette
Russell Crowe,"Born: April 7, 1964 (age 56 years), Wellington, New Zealand",https://twitter.com/russellcrowe,1964,60s,russellcrowe
Lisa Kudrow,"Born: July 30, 1963 (age 57 years), Encino, Los Angeles, CA",https://twitter.com/LisaKudrow,1963,60s,LisaKudrow
Lupita Nyong'o,"Born: March 1, 1983 (age 37 years), Mexico City, Mexico",https://twitter.com/lupita_nyongo,1983,80s,lupita_nyongo
Tom Cruise,"Born: July 3, 1962 (age 58 years), Syracuse, NY",https://twitter.com/TomCruise,1962,60s,TomCruise
Ryan Reynolds,"Born: October 23, 1976 (age 43 years), Vancouver, Canada",https://twitter.com/VancityReynolds,1976,70s,VancityReynolds
Mark Ruffalo,"Born: November 22, 1967 (age 52 years), Kenosha, WI",https://twitter.com/markruffalo,1967,60s,markruffalo
LeBron James,"Born: December 30, 1984 (age 35 years), Akron, OH",https://twitter.com/KingJames,1984,80s,KingJames
Magic Johnson,"Born: August 14, 1959 (age 61 years), Lansing, MI",https://twitter.com/MagicJohnson,1959,50s,MagicJohnson
Bo Jackson,"Born: November 30, 1962 (age 57 years), Bessemer, AL",https://twitter.com/bojackson,1962,60s,bojackson
Cristiano Ronaldo,"Born: February 5, 1985 (age 35 years), Hospital Dr. Nélio Mendonça, Funchal, Portugal",https://twitter.com/Cristiano,1985,80s,Cristiano
Serena Williams,"Born: September 26, 1981 (age 39 years), Saginaw, MI",https://twitter.com/serenawilliams,1981,80s,serenawilliams
Floyd Mayweather,"Born: February 24, 1977 (age 43 years), Grand Rapids, MI",https://twitter.com/FloydMayweather,1977,70s,FloydMayweather
Tim Tebow,"Born: August 14, 1987 (age 33 years), Makati, Philippines",https://twitter.com/TimTebow,1987,80s,TimTebow
Stephen Curry,"Born: March 14, 1988 (age 32 years), Akron, OH",https://twitter.com/StephenCurry30,1988,80s,StephenCurry30
Ray Lewis,"Born: May 15, 1975 (age 45 years), Bartow, FL",https://twitter.com/raylewis,1975,70s,raylewis
Maria Sharapova,"Born: April 19, 1987 (age 33 years), Nyagan, Russia",https://twitter.com/MariaSharapova,1987,80s,MariaSharapova
Kevin Durant,"Born: September 29, 1988 (age 32 years), Washington, D.C.",https://twitter.com/KDTrey5,1988,80s,KDTrey5
Megan Rapinoe,"Born: July 5, 1985 (age 35 years), Redding, CA",https://twitter.com/mpinoe,1985,80s,mpinoe
Giannis Antetokounmpo,"Born: December 6, 1994 (age 25 years), Athens, Greece",https://twitter.com/Giannis_An34,1994,90s,Giannis_An34
Naomi Osaka,"Born: October 16, 1997 (age 22 years), Chuo Ward, Osaka, Japan",https://twitter.com/naomiosaka,1997,90s,naomiosaka
Derrick Rose,"Born: October 4, 1988 (age 32 years), Englewood, Chicago, IL",https://twitter.com/drose,1988,80s,drose
Ben Simmons,"Born: July 20, 1996 (age 24Â years), Melbourne, Australia",https://twitter.com/BenSimmons25,1996,90s,BenSimmons25
Evander Holyfield,"Born: October 19, 1962 (age 57 years), Atmore, AL",https://twitter.com/holyfield,1962,60s,holyfield
Tony Gonzalez,"Born: February 27, 1976 (age 44 years), Torrance, CA",https://twitter.com/tonygonzalez88,1976,70s,tonygonzalez88
Manny Pacquiao,"Born: December 17, 1978 (age 41 years), Kibawe, Philippines",https://twitter.com/MannyPacquiao,1978,70s,MannyPacquiao
Danny Ainge,"Born: March 17, 1959 (age 61 years), Eugene, OR",https://twitter.com/danielrainge,1959,50s,danielrainge
Jim Brown,"Born: February 17, 1936 (age 84 years), St. Simons, GA",https://twitter.com/jimbrownnfl32,1936,30s,jimbrownnfl32
Andy Murray,"Born: May 15, 1987 (age 33 years), Glasgow, United Kingdom",https://twitter.com/andy_murray,1987,80s,andy_murray
Neymar,"Born: February 5, 1992 (age 28 years), Mogi das Cruzes, State of São Paulo, Brazil",https://twitter.com/neymarjr,1992,90s,neymarjr
Warren Buffett,"Born: August 30, 1930 (age 90 years), Omaha, NE",https://twitter.com/WarrenBuffett,1930,30s,WarrenBuffett
Richard Branson,"Born: July 18, 1950 (age 70 years), Blackheath, London, United Kingdom",https://twitter.com/richardbranson,1950,50s,richardbranson
Kenneth Langone,"Born: September 16, 1935 (age 85 years), Roslyn Heights, NY",https://twitter.com/kenlangone,1935,30s,kenlangone
Robert Iger,"Born: February 10, 1951 (age 69 years), New York, NY",https://twitter.com/robertiger,1951,50s,robertiger
Arianna Huffington,"Born: July 15, 1950 (age 70 years), Athens, Greece",https://twitter.com/ariannahuff,1950,50s,ariannahuff
Tim Ferriss,"Born: July 20, 1977 (age 43 years), East Hampton, NY",https://twitter.com/tferriss,1977,70s,tferriss
Daymond John,"Born: February 23, 1969 (age 51 years), Brooklyn, New York, NY",https://twitter.com/thesharkdaymond,1969,60s,thesharkdaymond
Michael S. Dell,"Born: February 23, 1965 (age 55 years), Houston, TX",https://twitter.com/michaeldell,1965,60s,michaeldell
Eric Schmidt,"Born: April 27, 1955 (age 65 years), Falls Church, VA",https://twitter.com/ericschmidt,1955,50s,ericschmidt
Howard Schultz,"Born: July 19, 1953 (age 67 years), Brooklyn, New York, NY",https://twitter.com/howardschultz,1953,50s,howardschultz
Mike Bloomberg,"Born: February 14, 1942 (age 78 years), Brighton, MA",https://twitter.com/MikeBloomberg,1942,40s,MikeBloomberg
Larry Ellison,"Born: August 17, 1944 (age 76 years), The Bronx, New York, NY",https://twitter.com/larryellison,1944,40s,larryellison
Ted Turner,"Born: November 19, 1938 (age 81 years), Cincinnati, OH",https://twitter.com/tedturneriii,1938,30s,tedturneriii
Barbara Corcoran,"Born: March 10, 1949 (age 71 years), Edgewater, NJ",https://twitter.com/barbaracorcoran,1949,40s,barbaracorcoran
Derek Sivers,"Born: September 22, 1969 (age 51 years), United States",https://twitter.com/sivers,1969,60s,sivers
Ray Dalio,"Born: August 8, 1949 (age 71 years), Jackson Heights, New York, NY",https://twitter.com/raydalio,1949,40s,raydalio
Kris Jenner,"Born: November 5, 1955 (age 64 years), San Diego, CA",https://twitter.com/KrisJenner,1955,50s,KrisJenner
Tim Draper,"Born: June 11, 1958 (age 62 years), California",https://twitter.com/timdraper,1958,50s,timdraper
Satya Nadella,"Born: August 19, 1967 (age 53 years), Hyderabad, India",https://twitter.com/satyanadella,1967,60s,satyanadella
James C. Collins,"Born: January 25, 1958 (age 62 years), Aurora, CO",https://twitter.com/j_ccollins,1958,50s,j_ccollins
Duncan Bannatyne,"Born: February 2, 1949 (age 71 years), Clydebank, United Kingdom",https://twitter.com/duncanbannatyne,1949,40s,duncanbannatyne
Biz Stone,"Born: March 10, 1974 (age 46 years), Boston, MA",https://twitter.com/biz,1974,70s,biz
Jessica Livingston,"Born: 1971 (age 49 years), Minneapolis, MN",https://twitter.com/jesslivingston,1971,70s,jesslivingston
Sheryl Sandberg,"Born: August 28, 1969 (age 51 years), Washington, D.C.",https://twitter.com/sherylsandberg,1969,60s,sherylsandberg
Marc Fisher,"Born: 1958 (age 62 years), New York, NY",https://twitter.com/mffisher,1958,50s,mffisher
Chip Wilson,"Born: March 3, 1956 (age 64 years), California",https://twitter.com/chipyvr,1956,50s,chipyvr
Taylor Swift,"Born: December 13, 1989 (age 30 years), West Reading, PA",https://twitter.com/taylorswift13,1989,80s,taylorswift13
Jay-Z,"Born: December 4, 1969 (age 50 years), Brooklyn, New York, NY",https://twitter.com/S_C_,1969,60s,S_C_
Tiger Woods,"Born: December 30, 1975 (age 44 years), Cypress, CA",https://twitter.com/tigerwoods,1975,70s,tigerwoods
Britney Spears,"Born: December 2, 1981 (age 38 years), McComb, MS",https://twitter.com/britneyspears,1981,80s,britneyspears
Elon Musk,"Born: June 28, 1971 (age 49 years), Pretoria, South Africa",https://twitter.com/elonmusk,1971,70s,elonmusk
Selena Gomez,"Born: July 22, 1992 (age 28Â years), Grand Prairie, TX",https://twitter.com/selenagomez,1992,90s,selenagomez
Ariana Grande,"Born: June 26, 1993 (age 27 years), Boca Raton, FL",https://twitter.com/ArianaGrande,1993,90s,ArianaGrande
Drake,"Born: October 24, 1986 (age 33 years), Toronto, Canada",https://twitter.com/Drake,1986,80s,Drake
Katy Perry,"Born: October 25, 1984 (age 35 years), Santa Barbara, CA",https://twitter.com/katyperry,1984,80s,katyperry
Adele,"Born: May 5, 1988 (age 32 years), Tottenham, London, United Kingdom",https://twitter.com/Adele,1988,80s,Adele
Cher,"Born: May 20, 1946 (age 74 years), El Centro, CA",https://twitter.com/cher,1946,40s,cher
Harry Styles,"Born: February 1, 1994 (age 26 years), Redditch, United Kingdom",https://twitter.com/Harry_Styles,1994,90s,Harry_Styles
Tom Brady,"Born: August 3, 1977 (age 43 years), San Mateo, CA",https://twitter.com/TomBrady,1977,70s,TomBrady
Jerry Rice,"Born: October 13, 1962 (age 58 years), Starkville, MS",https://twitter.com/jerryrice,1962,60s,jerryrice
Tony Dungy,"Born: October 6, 1955 (age 65 years), Jackson, MI",https://twitter.com/tonydungy,1955,50s,tonydungy
Brett Favre,"Born: October 10, 1969 (age 51 years), Gulfport, MS",https://twitter.com/brettfavre,1969,60s,brettfavre
Steve Young,"Born: October 11, 1961 (age 59 years), Salt Lake City, UT",https://twitter.com/steveyoungqb,1961,60s,steveyoungqb
Victor Cruz,"Born: November 11, 1986 (age 33 years), Paterson, NJ",https://twitter.com/teamvic,1986,80s,teamvic
Julian Edelman,"Born: May 22, 1986 (age 34 years), Redwood City, CA",https://twitter.com/Edelman11,1986,80s,Edelman11
Steve Raible,"Born: June 2, 1954 (age 66 years), Louisville, KY",https://twitter.com/raiblekiro7,1954,50s,raiblekiro7
Urban Meyer,"Born: July 10, 1964 (age 56 years), Toledo, OH",https://twitter.com/coachurbanmeyer,1964,60s,coachurbanmeyer
Joe Montana,"Born: June 11, 1956 (age 64 years), New Eagle, PA",https://twitter.com/joemontana,1956,50s,joemontana
Deion Sanders,"Born: August 9, 1967 (age 53 years), Fort Myers, FL",http://www.twitter.com/deionsanders,1967,60s,deionsanders
Phil Savage,"Born: April 7, 1965 (age 55 years), Mobile, AL",https://twitter.com/philsavage,1965,60s,philsavage
Kurt Warner,"Born: June 22, 1971 (age 49 years), Burlington, IA",https://twitter.com/kurt13warner,1971,70s,kurt13warner
Sean Payton,"Born: December 29, 1963 (age 56 years), San Mateo, CA",https://twitter.com/seanpayton,1963,60s,seanpayton
Kareem Abdul-Jabbar,"Born: April 16, 1947 (age 73 years), New York, NY",https://twitter.com/kaj33,1947,40s,kaj33
Shaquille O'Neal,"Born: March 6, 1972 (age 48 years), Newark, NJ",https://twitter.com/SHAQ,1972,70s,SHAQ
Bill Russell,"Born: February 12, 1934 (age 86 years), West Monroe, LA",https://twitter.com/realbillrussell,1934,30s,realbillrussell
Tim Duncan,"Born: April 25, 1976 (age 44 years), Saint Croix, U.S. Virgin Islands",https://twitter.com/duncanrelief,1976,70s,duncanrelief
Chris Paul,"Born: May 6, 1985 (age 35 years), Winston-Salem, NC",https://twitter.com/CP3,1985,80s,CP3
Dwyane Wade,"Born: January 17, 1982 (age 38 years), Chicago, IL",https://twitter.com/DwyaneWade,1982,80s,DwyaneWade
Scottie Pippen,"Born: September 25, 1965 (age 55 years), Hamburg, AR",https://twitter.com/ScottiePippen,1965,60s,ScottiePippen
James Harden,"Born: August 26, 1989 (age 31 years), Bellflower, CA",https://twitter.com/JHarden13,1989,80s,JHarden13
Hakeem Olajuwon,"Born: January 21, 1963 (age 57 years), Lagos, Nigeria",https://twitter.com/dr34m,1963,60s,dr34m
Allen Iverson,"Born: June 7, 1975 (age 45 years), Hampton, VA",https://twitter.com/alleniverson,1975,70s,alleniverson
Russell Westbrook,"Born: November 12, 1988 (age 31 years), Long Beach, CA",https://twitter.com/russwest44,1988,80s,russwest44
Isiah Thomas,"Born: April 30, 1961 (age 59 years), Chicago, IL",https://twitter.com/IsiahThomas,1961,60s,IsiahThomas
Dennis Rodman,"Born: May 13, 1961 (age 59 years), Trenton, NJ",https://twitter.com/dennisrodman,1961,60s,dennisrodman
Kevin Garnett,"Born: May 19, 1976 (age 44 years), Greenville, SC",https://twitter.com/kevingarnett5kg,1976,70s,kevingarnett5kg
Dirk Nowitzki,"Born: June 19, 1978 (age 42 years), Würzburg, Germany",https://twitter.com/swish41,1978,70s,swish41
David Robinson,"Born: August 6, 1965 (age 55 years), Key West, FL",https://twitter.com/davidtheadmiral,1965,60s,davidtheadmiral
Anthony Davis,"Born: March 11, 1993 (age 27 years), Chicago, IL",https://twitter.com/AntDavis23,1993,90s,AntDavis23
Kyrie Irving,"Born: March 23, 1992 (age 28 years), Melbourne, Australia",https://twitter.com/KyrieIrving,1992,90s,KyrieIrving
Julius Erving,"Born: February 22, 1950 (age 70 years), East Meadow, NY",https://twitter.com/juliuserving,1950,50s,juliuserving
Patrick Ewing,"Born: August 5, 1962 (age 58 years), Kingston, Jamaica",https://twitter.com/coachewing33,1962,60s,coachewing33
Jimmy Butler,"Born: September 14, 1989 (age 31 years), Houston, TX",https://twitter.com/JimmyButler,1989,80s,JimmyButler
Bam Adebayo,"Born: July 18, 1997 (age 23 years), Newark, NJ",https://twitter.com/bam1of1,1997,90s,bam1of1
Damian Lillard,"Born: July 15, 1990 (age 30 years), Oakland, CA",https://twitter.com/Dame_Lillard,1990,90s,Dame_Lillard
Karl Malone,"Born: July 24, 1963 (age 57 years), Summerfield, LA",https://twitter.com/thedeliverer_32,1963,60s,thedeliverer_32
Elgin Baylor,"Born: September 16, 1934 (age 86 years), Washington, D.C.",https://twitter.com/elginbaylor,1934,30s,elginbaylor
Kawhi Leonard,"Born: June 29, 1991 (age 29 years), Los Angeles, CA",https://twitter.com/kawhileonard,1991,90s,kawhileonard
Dwight Howard,"Born: December 8, 1985 (age 34 years), Atlanta, GA",https://twitter.com/DwightHoward,1985,80s,DwightHoward
Bill Walton,"Born: November 5, 1952 (age 67 years), La Mesa, CA",https://twitter.com/billwalton,1952,50s,billwalton
Ray Allen,"Born: July 20, 1975 (age 45 years), Castle Air Force Base, Atwater, CA",https://twitter.com/greenrayn20,1975,70s,greenrayn20
Steve Nash,"Born: February 7, 1974 (age 46 years), Johannesburg, South Africa",https://twitter.com/stevenash,1974,70s,stevenash
Rick Barry,"Born: March 28, 1944 (age 76 years), Elizabeth, NJ",https://twitter.com/rick24barry,1944,40s,rick24barry
Zion Williamson,"Born: July 6, 2000 (age 20 years), Salisbury, NC",https://twitter.com/Zionwilliamson,2000,00s,Zionwilliamson
Jason Kidd,"Born: March 23, 1973 (age 47 years), San Francisco, CA",https://twitter.com/realjasonkidd,1973,70s,realjasonkidd
Naomi Campbell,"Born: May 22, 1970 (age 50 years), Streatham, London, United Kingdom",https://twitter.com/NaomiCampbell,1970,70s,NaomiCampbell
Heidi Klum,"Born: June 1, 1973 (age 47 years), Bergisch Gladbach, Germany",https://twitter.com/heidiklum,1973,70s,heidiklum
Gisele Bündchen,"Born: July 20, 1980 (age 40 years), Horizontina, State of Rio Grande do Sul, Brazil",https://twitter.com/giseleofficial,1980,80s,giseleofficial
Cindy Crawford,"Born: February 20, 1966 (age 54 years), DeKalb, IL",https://twitter.com/CindyCrawford,1966,60s,CindyCrawford
Grace Jones,"Born: May 19, 1948 (age 72 years), Spanish Town, Jamaica",https://twitter.com/GraceJones,1948,40s,GraceJones
Brooke Shields,"Born: May 31, 1965 (age 55 years), Manhattan, New York, NY",https://twitter.com/BrookeShields,1965,60s,BrookeShields
Alek Wek,"Born: April 16, 1977 (age 43 years), Wau, South Sudan",https://twitter.com/therealalekwek,1977,70s,therealalekwek
Pamela Anderson,"Born: July 1, 1967 (age 53 years), Ladysmith, Canada",https://twitter.com/pamfoundation,1967,60s,pamfoundation
Katie Price,"Born: May 22, 1978 (age 42Â years), Brighton, United Kingdom",https://twitter.com/KatiePrice,1978,70s,KatiePrice
Victoria Beckham,"Born: April 17, 1974 (age 46 years), Harlow, United Kingdom",https://twitter.com/victoriabeckham,1974,70s,victoriabeckham
Iman,"Born: July 25, 1955 (age 65 years), Mogadishu, Somalia",https://twitter.com/the_real_iman,1955,50s,the_real_iman
Padma Lakshmi,"Born: September 1, 1970 (age 50 years), Chennai, India",https://twitter.com/PadmaLakshmi,1970,70s,PadmaLakshmi
Jerry Hall,"Born: July 2, 1956 (age 64 years), Gonzales, TX",https://twitter.com/jerryhall_,1956,50s,jerryhall_
Monica Bellucci,"Born: September 30, 1964 (age 56 years), Città di Castello, Italy",https://twitter.com/mbelluccinet,1964,60s,mbelluccinet
Priyanka Chopra,"Born: July 18, 1982 (age 38 years), Jamshedpur, India",https://twitter.com/priyankachopra,1982,80s,priyankachopra
Sasha Grey,"Born: March 14, 1988 (age 32 years), North Highlands, CA",https://twitter.com/SashaGrey,1988,80s,SashaGrey
Jenny McCarthy,"Born: November 1, 1972 (age 47 years), Evergreen Park, IL",https://twitter.com/JennyMcCarthy,1972,70s,JennyMcCarthy
Denise Richards,"Born: February 17, 1971 (age 49 years), Downers Grove, IL",https://twitter.com/DENISE_RICHARDS,1971,70s,DENISE_RICHARDS
Portia de Rossi,"Born: January 31, 1973 (age 47 years), Horsham, Australia",http://www.twitter.com/portiaderossi,1973,70s,portiaderossi
Maddie Ziegler,"Born: September 30, 2002 (age 18Â years), Pittsburgh, PA",https://twitter.com/maddieziegler,2002,00s,maddieziegler
Pat Cleveland,"Born: June 23, 1950 (age 70 years), New York, NY",https://twitter.com/iampatcleveland,1950,50s,iampatcleveland
Veronica Webb,"Born: February 25, 1965 (age 55 years), Detroit, MI",https://twitter.com/veronicawebb,1965,60s,veronicawebb
Ashley Graham,"Born: October 30, 1987 (age 32 years), Lincoln, NE",https://twitter.com/ashleygraham,1987,80s,ashleygraham
Inès de La Fressange,"Born: August 11, 1957 (age 63 years), Gassin, France",https://twitter.com/lafressange,1957,50s,lafressange
Beverly Johnson,"Born: October 13, 1952 (age 68 years), Buffalo, NY",https://twitter.com/beverlyjohnson1,1952,50s,beverlyjohnson1
Janet Jackson,"Born: May 16, 1966 (age 54 years), Gary, IN",https://twitter.com/JanetJackson,1966,60s,JanetJackson
Yolanda Hadid,"Born: January 11, 1964 (age 56 years), Papendrecht, Netherlands",https://twitter.com/YolandaHadid,1964,60s,YolandaHadid
Kim Alexis,"Born: July 15, 1960 (age 60 years), Lockport, NY",https://twitter.com/thekimalexis,1960,60s,thekimalexis
Jaden Smith,"Born: July 8, 1998 (age 22 years), Malibu, CA",https://twitter.com/jaden,1998,90s,jaden
Willow Smith,"Born: October 31, 2000 (age 19 years), Los Angeles, CA",https://twitter.com/OfficialWillow,2000,00s,OfficialWillow
Trey Smith,"Born: November 11, 1992 (age 27 years), Los Angeles, CA",https://twitter.com/treysmith0011,1992,90s,treysmith0011
Jada Pinkett Smith,"Born: September 18, 1971 (age 49 years), Baltimore, MD",https://twitter.com/jadapsmith,1971,70s,jadapsmith
Wenwen Han,"Born: August 24, 1995 (age 25 years), Xi'an, China",https://twitter.com/hanwen2?lang=hu,1995,90s,hanwen2
Sheree Zampino,"Born: November 16, 1967 (age 52 years), Schenectady, NY",https://twitter.com/therealsheree,1967,60s,therealsheree
August Alsina,"Born: September 3, 1992 (age 28 years), New Orleans, LA",https://twitter.com/AugustAlsina,1992,90s,AugustAlsina
"Tyler, the Creator","Born: March 6, 1991 (age 29 years), Ladera Heights, CA",https://twitter.com/tylerthecreator,1991,90s,tylerthecreator
Sofia Richie,"Born: August 24, 1998 (age 22 years), Los Angeles, CA",https://twitter.com/sofiarichie,1998,90s,sofiarichie
Jackie Chan,"Born: April 7, 1954 (age 66 years), Victoria Peak, Hong Kong",https://twitter.com/EyeOfJackieChan,1954,50s,EyeOfJackieChan
Kylie Jenner,"Born: August 10, 1997 (age 23 years), Los Angeles, CA",https://twitter.com/KylieJenner,1997,90s,KylieJenner
Chris Gardner,"Born: February 9, 1954 (age 66 years), Milwaukee, WI",https://twitter.com/CEOofHappYness,1954,50s,CEOofHappYness
Jxdn,"Born: February 8, 2001 (age 19 years), Dallas, TX",https://twitter.com/jxdnfukn,2001,00s,jxdnfukn
Scott Disick,"Born: May 26, 1983 (age 37 years), Eastport, NY",https://twitter.com/scottdisick,1983,80s,scottdisick
Taraji P. Henson,"Born: September 11, 1970 (age 50 years), Washington, D.C.",https://twitter.com/TherealTaraji,1970,70s,TherealTaraji
A$AP Rocky,"Born: October 3, 1988 (age 32 years), Harlem, New York, NY",https://twitter.com/asvpxrocky,1988,80s,asvpxrocky
Shane Dawson,"Born: July 19, 1988 (age 32 years), Long Beach, CA",https://twitter.com/shanedawson,1988,80s,shanedawson
Thandie Newton,"Born: November 6, 1972 (age 47 years), Westminster, London, United Kingdom",https://twitter.com/thandienewton,1972,70s,thandienewton
Kendall Jenner,"Born: November 3, 1995 (age 24 years), Los Angeles, CA",https://twitter.com/KendallJenner,1995,90s,KendallJenner
Martin Lawrence,"Born: April 16, 1965 (age 55 years), Frankfurt, Germany",https://twitter.com/realmartymar,1965,60s,realmartymar
Justice Smith,"Born: August 9, 1995 (age 25 years), Los Angeles, CA",https://twitter.com/standup4justice,1995,90s,standup4justice
Hailey Rhode Bieber,"Born: November 22, 1996 (age 23 years), Tucson, AZ",https://twitter.com/haileybieber,1996,90s,haileybieber
Demi Lovato,"Born: August 20, 1992 (age 28 years), Albuquerque, NM",https://twitter.com/ddlovato,1992,90s,ddlovato
Miley Cyrus,"Born: November 23, 1992 (age 27 years), Franklin, TN",https://twitter.com/mileycyrus,1992,90s,mileycyrus
Mandy Teefey,"Born: April 16, 1976 (age 44 years), Dallas, TX",https://twitter.com/itsmandyteefey_,1976,70s,itsmandyteefey_
David Henrie,"Born: July 11, 1989 (age 31 years), Mission Viejo, CA",https://twitter.com/davidhenrie,1989,80s,davidhenrie
The Weeknd,"Born: February 16, 1990 (age 30 years), Toronto, Canada",https://twitter.com/theweeknd,1990,90s,theweeknd
Camila Cabello,"Born: March 3, 1997 (age 23 years), Cojímar, Cuba",https://twitter.com/Camila_Cabello,1997,90s,Camila_Cabello
Billie Eilish,"Born: December 18, 2001 (age 18 years), Los Angeles, CA",https://twitter.com/billieeilish,2001,00s,billieeilish
Jake T. Austin,"Born: December 3, 1994 (age 25 years), New York, NY",https://twitter.com/jaketaustin,1994,90s,jaketaustin
Joey King,"Born: July 30, 1999 (age 21 years), Los Angeles, CA",https://twitter.com/JoeyKing,1999,90s,JoeyKing
Gigi Hadid,"Born: April 23, 1995 (age 25 years), Los Angeles, CA",https://twitter.com/GiGiHadid,1995,90s,GiGiHadid
Vanessa Hudgens,"Born: December 14, 1988 (age 31 years), Salinas, CA",https://twitter.com/VanessaHudgens,1988,80s,VanessaHudgens
Lady Gaga,"Born: March 28, 1986 (age 34 years), Lenox Hill Hospital, New York, NY",https://twitter.com/ladygaga,1986,80s,ladygaga
Jennifer Stone,"Born: February 12, 1993 (age 27 years), Arlington, TX",https://twitter.com/jenniferstone,1993,90s,jenniferstone
Maria Canals-Barrera,"Born: September 28, 1966 (age 54 years), Miami, FL",https://twitter.com/maria_cb,1966,60s,maria_cb
David DeLuise,"Born: November 11, 1971 (age 48 years), Los Angeles, CA",https://twitter.com/d_deluise,1971,70s,d_deluise
Gregg Sulkin,"Born: May 29, 1992 (age 28Â years), Westminster, London, United Kingdom",https://twitter.com/greggsulkin,1992,90s,greggsulkin
Maiara Walsh,"Born: February 18, 1988 (age 32 years), Seattle, WA",https://twitter.com/maiarawalsh,1988,80s,maiarawalsh
Meaghan Martin,"Born: February 17, 1992 (age 28 years), Fallon, NV",https://twitter.com/meaganmartin89,1992,90s,meaganmartin89
Claire Holt,"Born: June 11, 1988 (age 32 years), Brisbane, Australia",https://twitter.com/claireholt,1988,80s,claireholt
Nicole Anderson,"Born: August 29, 1990 (age 30 years), Rochester, IN",https://twitter.com/heyitsnicolea,1990,90s,heyitsnicolea
Bailee Madison,"Born: October 15, 1999 (age 21 years), Fort Lauderdale, FL",https://twitter.com/baileemadison,1999,90s,baileemadison
Diego Boneta,"Born: November 29, 1990 (age 29 years), Mexico City, Mexico",https://twitter.com/diegoboneta,1990,90s,diegoboneta
Dan Benson,"Born: September 10, 1987 (age 33 years), Springfield, MO",https://twitter.com/_danbenson,1987,80s,_danbenson
Bridgit Mendler,"Born: December 18, 1992 (age 27 years), Washington, D.C.",https://twitter.com/bridgitmendler,1992,90s,bridgitmendler
Daniel Samonas,"Born: March 7, 1990 (age 30 years), Toronto, Canada",https://twitter.com/danielsamonas,1990,90s,danielsamonas
Devon Werkheiser,"Born: March 8, 1991 (age 29Â years), Atlanta, GA",https://twitter.com/devonwerkharder,1991,90s,devonwerkharder
Emmanuelle Vaugier,"Born: June 23, 1976 (age 44 years), Vancouver, Canada",https://twitter.com/evaugier,1976,70s,evaugier
Lorenzo James Henrie,"Born: June 29, 1993 (age 27 years), Phoenix, AZ",https://twitter.com/lorenzohenrie,1993,90s,lorenzohenrie
David Barrera,"Born: December 28, 1968 (age 51 years), San Juan, TX",https://twitter.com/david_barrera,1968,60s,david_barrera
Vanessa Morgan,"Born: March 23, 1992 (age 28 years), Ottawa, Canada",https://twitter.com/vanessamorgan,1992,90s,vanessamorgan
Michael Kopech,"Born: April 30, 1996 (age 24 years), Longview, TX",https://twitter.com/MichaelKopech5,1996,90s,MichaelKopech5
Madelaine Petsch,"Born: August 18, 1994 (age 26Â years), Washington",https://twitter.com/madelainepetsch,1994,90s,madelainepetsch
Casey Cott,"Born: August 8, 1992 (age 28 years), Chagrin Falls, OH",https://twitter.com/caseycott,1992,90s,caseycott
Camila Mendes,"Born: June 29, 1994 (age 26 years), Charlottesville, VA",https://twitter.com/CamilaMendes,1994,90s,CamilaMendes
Ashleigh Murray,"Born: January 18, 1988 (age 32 years), Kansas City, MO",https://twitter.com/iamamurray,1988,80s,iamamurray
Atticus Mitchell,"Born: May 16, 1993 (age 27 years), Toronto, Canada",https://twitter.com/atticuswebsite,1993,90s,atticuswebsite
Lili Reinhart,"Born: September 13, 1996 (age 24 years), Cleveland, OH",https://twitter.com/lilireinhart,1996,90s,lilireinhart
Kate Todd,"Born: December 12, 1987 (age 32 years), Barrie, Canada",https://twitter.com/katetodd,1987,80s,katetodd
Cameron Kennedy,"Born: October 6, 1993 (age 27 years), Canada",https://twitter.com/camcamkennedy,1993,90s,camcamkennedy
Mädchen Amick,"Born: December 12, 1970 (age 49 years), Sparks, NV",https://twitter.com/madchenamick,1970,70s,madchenamick
Marisol Nichols,"Born: November 2, 1973 (age 46 years), Rogers Park, IL",https://twitter.com/marisolnichols,1973,70s,marisolnichols
Malese Jow,"Born: February 18, 1991 (age 29 years), Tulsa, OK",https://twitter.com/melise____,1991,90s,melise____
Brielle Biermann,"Born: February 25, 1997 (age 23 years), Connecticut",https://twitter.com/briellezolciak,1997,90s,briellezolciak
Ella Jonas Farlinger,"Born: March 26, 2001 (age 19 years)",https://twitter.com/ella_jfarlinger?lang=es,2001,00s,ella_jfarlinger
Joe Dinicol,"Born: December 22, 1983 (age 36 years), Stratford, Canada",https://twitter.com/joedinicol,1983,80s,joedinicol
Poppy Drayton,"Born: June 7, 1991 (age 29 years), Surrey, United Kingdom",https://twitter.com/poppydrayton,1991,90s,poppydrayton
Finneas O'Connell,"Born: July 30, 1997 (age 23 years), Los Angeles, CA",https://twitter.com/finneas,1997,90s,finneas
Bhad Bhabie,"Born: March 26, 2003 (age 17 years), Boynton Beach, FL",https://twitter.com/BhadBhabie,2003,00s,BhadBhabie
Dua Lipa,"Born: August 22, 1995 (age 25 years), London, United Kingdom",https://twitter.com/DUALIPA,1995,90s,DUALIPA
Melanie Martinez,"Born: April 28, 1995 (age 25 years), Astoria, New York, NY",https://twitter.com/MelanieLBBH,1995,90s,MelanieLBBH
Post Malone,"Born: July 4, 1995 (age 25 years), Syracuse, NY",https://twitter.com/PostMalone,1995,90s,PostMalone
Lana Del Rey,"Born: June 21, 1985 (age 35 years), Manhattan, New York, NY",https://twitter.com/LanaDelRey,1985,80s,LanaDelRey
Lorde,"Born: November 7, 1996 (age 23 years), Takapuna, Auckland, New Zealand",https://twitter.com/lorde,1996,90s,lorde
Ava Max,"Born: February 16, 1994 (age 26 years), Milwaukee, WI",https://twitter.com/AvaMax,1994,90s,AvaMax
Charli D'Amelio,"Born: May 1, 2004 (age 16Â years), Norwalk, CT",https://twitter.com/charlidamelio,2004,00s,charlidamelio
Shawn Mendes,"Born: August 8, 1998 (age 22Â years), Pickering, Canada",https://twitter.com/ShawnMendes,1998,90s,ShawnMendes
Halsey,"Born: September 29, 1994 (age 26 years), Edison, NJ",https://twitter.com/halsey,1994,90s,halsey
Nicki Minaj,"Born: December 8, 1982 (age 37 years), Saint James, Port of Spain, Trinidad and Tobago",https://twitter.com/NICKIMINAJ,1982,80s,NICKIMINAJ
Malu Trevejo,"Born: October 15, 2002 (age 18 years), Havana, Cuba",https://twitter.com/malutrevejo15,2002,00s,malutrevejo15
Joelle Joanie Siwa,"Born: May 19, 2003 (age 17 years), Omaha, NE",https://twitter.com/itsjojosiwa,2003,00s,itsjojosiwa
Skai Jackson,"Born: April 8, 2002 (age 18Â years), New York, NY",https://twitter.com/skaijackson,2002,00s,skaijackson
6ix9ine,"Born: May 8, 1996 (age 24 years), Bushwick, New York, NY",https://twitter.com/6ix9ine,1996,90s,6ix9ine
Iggy Azalea,"Born: June 7, 1990 (age 30Â years), Ryde Hospital, Sydney, Australia",https://twitter.com/IGGYAZALEA,1990,90s,IGGYAZALEA
Cardi B,"Born: October 11, 1992 (age 28 years), Manhattan, New York, NY",https://twitter.com/iamcardib,1992,90s,iamcardib
Loren Gray,"Born: April 19, 2002 (age 18 years), Pottstown, PA",https://twitter.com/iamlorengray,2002,00s,iamlorengray
NLE Choppa,"Born: November 1, 2002 (age 17 years), Memphis, TN",https://twitter.com/Nlechoppa1,2002,00s,Nlechoppa1
Asian Da Brat,"Born: December 7, 1996 (age 23 years), Dallas, TX",https://twitter.com/asiandabrattt,1996,90s,asiandabrattt
Megan Thee Stallion,"Born: February 15, 1995 (age 25 years), Bexar County, TX",https://twitter.com/theestallion,1995,90s,theestallion
Doja Cat,"Born: October 21, 1995 (age 24 years), Tarzana, Los Angeles, CA",https://twitter.com/DojaCat,1995,90s,DojaCat
Trippie Redd,"Born: June 18, 1999 (age 21 years), Canton, OH",https://twitter.com/trippieredd,1999,90s,trippieredd
Saweetie,"Born: July 2, 1994 (age 26 years), Santa Clara, CA",https://twitter.com/saweetie,1994,90s,saweetie
Peyton List,"Born: April 6, 1998 (age 22 years), Florida",https://twitter.com/PeytonList,1998,90s,PeytonList
Karan Brar,"Born: January 18, 1999 (age 21 years), Redmond, WA",https://twitter.com/karanbrar,1999,90s,karanbrar
Debby Ryan,"Born: May 13, 1993 (age 27 years), Huntsville, AL",https://twitter.com/DebbyRyan,1993,90s,DebbyRyan
Miranda May,"Born: April 6, 1996 (age 24 years), Bowling Green, OH",https://twitter.com/themirandamay,1996,90s,themirandamay
Josie Totah,"Born: August 5, 2001 (age 19 years), Sacramento, CA",https://twitter.com/josietotah,2001,00s,josietotah
Kevin Chamberlin,"Born: November 25, 1963 (age 56 years), Baltimore, MD",https://twitter.com/kevinchamberlin,1963,60s,kevinchamberlin
Nina Lu,"Born: September 18, 2003 (age 17 years), Los Angeles, CA",https://twitter.com/theninalu?lang=nl,2003,00s,theninalu
Anne Heche,"Born: May 25, 1969 (age 51 years), Aurora, OH",https://twitter.com/anneheche,1969,60s,anneheche
Justina Machado,"Born: September 6, 1972 (age 48 years), Chicago, IL",https://twitter.com/justinamachado,1972,70s,justinamachado
Jesse Metcalfe,"Born: December 9, 1978 (age 41 years), Carmel Valley, CA",https://twitter.com/jessemetcalfe,1978,70s,jessemetcalfe
Kevin Quinn,"Born: May 21, 1997 (age 23 years), Chicago, IL",https://twitter.com/kevingquinn1,1997,90s,kevingquinn1
Alan Bersten,"Born: May 26, 1994 (age 26 years), Minnetonka, MN",https://twitter.com/dance10alan,1994,90s,dance10alan
Spencer List,"Born: April 6, 1998 (age 22 years), Florida",https://twitter.com/spencerlist,1998,90s,spencerlist
Lil Nas X,"Born: April 9, 1999 (age 21 years), Lithia Springs, GA",https://twitter.com/LilNasX,1999,90s,LilNasX
Josh Dun,"Born: June 18, 1988 (age 32 years), Columbus, OH",https://twitter.com/joshuadun,1988,80s,joshuadun
Dove Cameron,"Born: January 15, 1996 (age 24 years), Seattle, WA",https://twitter.com/DoveCameron,1996,90s,DoveCameron
Monica Aldama,"Born: February 9, 1972 (age 48 years), Corsicana, TX",https://twitter.com/monicaaldama,1972,70s,monicaaldama
